"subject","domain","response_number","participant_response","response_onset_time","IRT","participant_designated_switch","dataset","checked_words","list_number"
50003,"occupations",1,"lawyer",4.801,4.801,2,"LEA","lawyer",4
50003,"occupations",2,"doctor",6.001,1.2,0,"LEA","doctor",4
50003,"occupations",3,"surgeon",7.301,1.3,0,"LEA","surgeon",4
50003,"occupations",4,"psychologist",8.701,1.4,0,"LEA","psychologist",4
50003,"occupations",5,"counselor",10.101,1.4,0,"LEA","counselor",4
50003,"occupations",6,"janitor",12.501,2.4,0,"LEA","janitor",4
50003,"occupations",7,"secretary",15.301,2.8,0,"LEA","secretary",4
50003,"occupations",8,"clerk",16.801,1.5,0,"LEA","clerk",4
50003,"occupations",9,"salesperson",19.001,2.2,0,"LEA","salesperson",4
50003,"occupations",10,"manager",20.801,1.8,0,"LEA","manager",4
50003,"occupations",11,"teacher",22.801,2,1,"LEA","teacher",4
50003,"occupations",12,"lunch_lady",27.501,4.7,0,"LEA","lunch lady",4
50003,"occupations",13,"truck_driver",30.101,2.6,1,"LEA","truck driver",4
50003,"occupations",14,"lab_technician",35.501,5.4,0,"LEA","lab technician",4
50003,"occupations",15,"engineer",42.701,7.2,0,"LEA","engineer",4
50003,"occupations",16,"architect",44.501,1.8,0,"LEA","architect",4
50003,"occupations",17,"physical_therapist",65.801,21.3,0,"LEA","physical therapist",4
50003,"occupations",18,"dermatologist",68.901,3.09999999999999,0,"LEA","dermatologist",4
50003,"occupations",19,"audiologist",71.701,2.8,0,"LEA","audiologist",4
50003,"occupations",20,"accountant",81.601,9.90000000000001,1,"LEA","accountant",4
50003,"occupations",21,"oncologist",92.301,10.7,0,"LEA","oncologist",4
50003,"occupations",22,"chef",99.101,6.8,0,"LEA","chef",4
50003,"occupations",23,"artist",105.201,6.09999999999999,0,"LEA","artist",4
50003,"occupations",24,"animator",107.201,2,0,"LEA","animator",4
50003,"occupations",25,"director",109.001,1.80000000000001,0,"LEA","director",4
50003,"occupations",26,"producer",109.901,0.899999999999991,0,"LEA","producer",4
50003,"occupations",27,"actor",111.401,1.5,0,"LEA","actor",4
50003,"occupations",28,"musician",118.701,7.3,0,"LEA","musician",4
50003,"occupations",29,"professional_sports_player",124.801,6.10000000000001,0,"LEA","professional sports player",4
50003,"occupations",30,"gardener",136.701,11.9,0,"LEA","gardener",4
50003,"occupations",31,"construction",147.801,11.1,0,"LEA","construction",4
50003,"occupations",32,"uber_driver",152.201,4.40000000000001,0,"LEA","uber driver",4
50003,"occupations",33,"student",157.701,5.5,0,"LEA","student",4
50003,"occupations",34,"retail_salesman",171.701,14,0,"LEA","retail salesman",4
50016,"occupations",1,"doctor",3.381,3.381,2,"LEA","doctor",4
50016,"occupations",2,"lawyer",4.981,1.6,1,"LEA","lawyer",4
50016,"occupations",3,"physical_therapist",7.181,2.2,1,"LEA","physical therapist",4
50016,"occupations",4,"professional_athlete",9.481,2.3,0,"LEA","professional athlete",4
50016,"occupations",5,"teacher",11.781,2.3,1,"LEA","teacher",4
50016,"occupations",6,"taxi_driver",16.881,5.1,1,"LEA","taxi driver",4
50016,"occupations",7,"truck_driver",19.781,2.9,0,"LEA","truck driver",4
50016,"occupations",8,"garbage_man",23.681,3.9,1,"LEA","garbage man",4
50016,"occupations",9,"postal_worker",27.281,3.6,0,"LEA","postal worker",4
50016,"occupations",10,"priest",31.281,4,1,"LEA","priest",4
50016,"occupations",11,"volunteer",36.181,4.9,0,"LEA","volunteer",4
50016,"occupations",12,"president",45.081,8.90000000000001,1,"LEA","president",4
50016,"occupations",13,"government_official",47.581,2.5,0,"LEA","government official",4
50016,"occupations",14,"mayor",49.881,2.3,0,"LEA","mayor",4
50016,"occupations",15,"secretary",52.581,2.7,1,"LEA","secretary",4
50016,"occupations",16,"chief_executive_officer",55.881,3.3,1,"LEA","chief executive officer",4
50016,"occupations",17,"accountant",59.381,3.5,0,"LEA","accountant",4
50016,"occupations",18,"chef",62.081,2.7,1,"LEA","chef",4
50016,"occupations",19,"supervisor",67.981,5.89999999999999,1,"LEA","supervisor",4
50016,"occupations",20,"yoga_instructor",72.881,4.90000000000001,1,"LEA","yoga instructor",4
50016,"occupations",21,"nurse",78.781,5.90000000000001,1,"LEA","nurse",4
50016,"occupations",22,"pharmacist",80.681,1.89999999999999,0,"LEA","pharmacist",4
50016,"occupations",23,"delivery_driver",86.381,5.7,1,"LEA","delivery driver",4
50016,"occupations",24,"receptionist",98.381,12,1,"LEA","receptionist",4
50016,"occupations",25,"janitor",100.781,2.40000000000001,1,"LEA","janitor",4
50016,"occupations",26,"undertaker",103.481,2.69999999999999,1,"LEA","undertaker",4
50016,"occupations",27,"telemarketer",113.381,9.90000000000001,1,"LEA","telemarketer",4
50016,"occupations",28,"movie_star",118.681,5.3,1,"LEA","movie star",4
50016,"occupations",29,"musician",120.581,1.90000000000001,0,"LEA","musician",4
50016,"occupations",30,"artist",126.581,6,0,"LEA","artist",4
50016,"occupations",31,"mathematician",130.181,3.60000000000001,1,"LEA","mathematician",4
50016,"occupations",32,"commissioner_of_the_NBA",144.381,14.2,1,"LEA","commissioner of the NBA",4
50016,"occupations",33,"sports_agent",148.881,4.5,0,"LEA","sports agent",4
50016,"occupations",34,"fireman",160.181,11.3,1,"LEA","fireman",4
50016,"occupations",35,"policeman",161.881,1.69999999999999,0,"LEA","policeman",4
50016,"occupations",36,"social_worker",166.181,4.30000000000001,1,"LEA","social worker",4
50016,"occupations",37,"coach",171.681,5.5,1,"LEA","coach",4
50016,"occupations",38,"therapist",176.781,5.09999999999999,1,"LEA","therapist",4
50025,"occupations",1,"hair_stylist",3.278,3.278,2,"LEA","hair stylist",4
50025,"occupations",2,"neuroscientist",5.978,2.7,1,"LEA","neuroscientist",4
50025,"occupations",3,"researcher",7.578,1.6,0,"LEA","researcher",4
50025,"occupations",4,"doctor",10.278,2.7,0,"LEA","doctor",4
50025,"occupations",5,"surgeon",11.578,1.3,0,"LEA","surgeon",4
50025,"occupations",6,"nurse",13.378,1.8,0,"LEA","nurse",4
50025,"occupations",7,"physician_assistant",14.978,1.6,0,"LEA","physician assistant",4
50025,"occupations",8,"nurse_practitioner",17.578,2.6,0,"LEA","nurse practitioner",4
50025,"occupations",9,"pharmacist",24.178,6.6,0,"LEA","pharmacist",4
50025,"occupations",10,"engineer",26.378,2.2,1,"LEA","engineer",4
50025,"occupations",11,"hair_stylist",32.878,6.5,1,"LEA","hair stylist",4
50025,"occupations",12,"taxidermist",36.878,4,1,"LEA","taxidermist",4
50025,"occupations",13,"tax_person",39.778,2.9,0,"LEA","tax person",4
50025,"occupations",14,"retail_associate",43.678,3.9,1,"LEA","retail associate",4
50025,"occupations",15,"wine_maker",45.578,1.90000000000001,1,"LEA","wine maker",4
50025,"occupations",16,"lawyer",48.978,3.4,1,"LEA","lawyer",4
50025,"occupations",17,"attorney",50.978,2,0,"LEA","attorney",4
50025,"occupations",18,"car_maker",56.078,5.1,1,"LEA","car maker",4
50025,"occupations",19,"factory_worker",57.278,1.2,1,"LEA","factory worker",4
50025,"occupations",20,"mailman",59.678,2.4,1,"LEA","mailman",4
50025,"occupations",21,"sewer",63.678,4,1,"LEA","sewer worker",4
50025,"occupations",22,"farmer",67.378,3.7,1,"LEA","farmer",4
50025,"occupations",23,"truck_driver",69.278,1.90000000000001,1,"LEA","truck driver",4
50025,"occupations",24,"teacher",71.978,2.69999999999999,1,"LEA","teacher",4
50025,"occupations",25,"principal",75.278,3.30000000000001,0,"LEA","principal",4
50025,"occupations",26,"lawyer",78.078,2.8,1,"LEA","lawyer",4
50025,"occupations",27,"mayor",79.178,1.09999999999999,1,"LEA","mayor",4
50025,"occupations",28,"senator",80.878,1.7,0,"LEA","senator",4
50025,"occupations",29,"president",83.378,2.5,0,"LEA","president",4
50025,"occupations",30,"store_owner",86.478,3.09999999999999,1,"LEA","store owner",4
50025,"occupations",31,"hostess",90.978,4.5,1,"LEA","hostess",4
50025,"occupations",32,"waitress",92.378,1.40000000000001,0,"LEA","waitress",4
50025,"occupations",33,"manager",94.178,1.8,0,"LEA","manager",4
50025,"occupations",34,"construction_worker",97.878,3.7,1,"LEA","construction worker",4
50025,"occupations",35,"taste_tester",103.278,5.40000000000001,1,"LEA","taste tester",4
50025,"occupations",36,"cashier",108.978,5.69999999999999,1,"LEA","cashier",4
50025,"occupations",37,"stockist",111.678,2.7,1,"LEA","stockist",4
50025,"occupations",38,"janitor",120.278,8.60000000000001,1,"LEA","janitor",4
50025,"occupations",39,"bus_driver",124.078,3.8,1,"LEA","bus driver",4
50025,"occupations",40,"factory_worker",125.378,1.3,1,"LEA","factory worker",4
50025,"occupations",41,"pediatrician",138.478,13.1,1,"LEA","pediatrician",4
50025,"occupations",42,"psychologist",139.878,1.39999999999998,1,"LEA","psychologist",4
50025,"occupations",43,"therapist",141.278,1.40000000000001,0,"LEA","therapist",4
50025,"occupations",44,"student",147.078,5.80000000000001,1,"LEA","student",4
50025,"occupations",45,"researcher",157.378,10.3,1,"LEA","researcher",4
50025,"occupations",46,"scientist",159.478,2.10000000000002,0,"LEA","scientist",4
50025,"occupations",47,"florist",162.678,3.19999999999999,1,"LEA","florist",4
50025,"occupations",48,"ring_maker",165.178,2.5,0,"LEA","ring maker",4
50025,"occupations",49,"DJ",166.778,1.59999999999999,0,"LEA","DJ",4
50025,"occupations",50,"baker",168.478,1.70000000000002,0,"LEA","baker",4
50025,"occupations",51,"photographer",172.178,3.69999999999999,0,"LEA","photographer",4
50025,"occupations",52,"videographer",174.278,2.09999999999999,0,"LEA","videographer",4
50003,"foods",1,"french_fries",4.572,4.572,2,"LEA","french fries",4
50003,"foods",2,"rotisserie_chicken",6.472,1.9,0,"LEA","rotisserie chicken",4
50003,"foods",3,"beef",8.672,2.2,0,"LEA","beef",4
50003,"foods",4,"hamburger",9.872,1.2,0,"LEA","hamburger",4
50003,"foods",5,"salad",11.572,1.7,1,"LEA","salad",4
50003,"foods",6,"apple",15.372,3.8,0,"LEA","apple",4
50003,"foods",7,"orange",16.772,1.4,0,"LEA","orange",4
50003,"foods",8,"banana",17.372,0.600000000000001,0,"LEA","banana",4
50003,"foods",9,"kiwi",21.672,4.3,0,"LEA","kiwi",4
50003,"foods",10,"peppers",23.272,1.6,0,"LEA","peppers",4
50003,"foods",11,"pizza",32.072,8.8,1,"LEA","pizza",4
50003,"foods",12,"steak",34.772,2.7,0,"LEA","steak",4
50003,"foods",13,"tater_tots",38.772,4,0,"LEA","tater tots",4
50003,"foods",14,"fish",45.272,6.5,0,"LEA","fish",4
50003,"foods",15,"cod",46.572,1.3,0,"LEA","cod",4
50003,"foods",16,"sushi",53.872,7.3,0,"LEA","sushi",4
50003,"foods",17,"veal",63.672,9.8,0,"LEA","veal",4
50003,"foods",18,"lamb",64.772,1.10000000000001,0,"LEA","lamb",4
50003,"foods",19,"biscuit",76.272,11.5,0,"LEA","biscuit",4
50003,"foods",20,"turkey",78.072,1.8,0,"LEA","turkey",4
50003,"foods",21,"mashed_potatoes",79.972,1.89999999999999,0,"LEA","mashed potatoes",4
50003,"foods",22,"blueberries",84.572,4.60000000000001,0,"LEA","blueberries",4
50003,"foods",23,"cranberries",85.772,1.2,0,"LEA","cranberries",4
50003,"foods",24,"chicken_nuggets",97.172,11.4,0,"LEA","chicken nuggets",4
50003,"foods",25,"pasta",100.472,3.3,0,"LEA","pasta",4
50003,"foods",26,"corn",117.672,17.2,1,"LEA","corn",4
50003,"foods",27,"green_beans",119.272,1.60000000000001,0,"LEA","green beans",4
50003,"foods",28,"broccoli",120.972,1.69999999999999,0,"LEA","broccoli",4
50003,"foods",29,"cauliflower",123.072,2.10000000000001,0,"LEA","cauliflower",4
50003,"foods",30,"peanuts",128.872,5.80000000000001,0,"LEA","peanuts",4
50003,"foods",31,"walnuts",129.772,0.899999999999977,0,"LEA","walnuts",4
50003,"foods",32,"pistachios",131.072,1.30000000000001,0,"LEA","pistachios",4
50003,"foods",33,"pecans",132.672,1.59999999999999,0,"LEA","pecans",4
50003,"foods",34,"hot_dog",137.272,4.59999999999999,1,"LEA","hot dog",4
50003,"foods",35,"popcorn",139.672,2.40000000000001,0,"LEA","popcorn",4
50003,"foods",36,"breadsticks",145.772,6.09999999999999,0,"LEA","breadsticks",4
50003,"foods",37,"garlic_bread",152.672,6.90000000000001,0,"LEA","garlic bread",4
50003,"foods",38,"escargot",167.672,15,0,"LEA","escargot",4
50003,"foods",39,"sub_sandwich",173.472,5.80000000000001,0,"LEA","sub sandwich",4
50003,"foods",40,"potato_chips",178.972,5.5,0,"LEA","potato chips",4
50016,"foods",1,"apple",5.719,5.719,2,"LEA","apple",4
50016,"foods",2,"orange",7.119,1.4,0,"LEA","orange",4
50016,"foods",3,"apricots",9.219,2.1,0,"LEA","apricots",4
50016,"foods",4,"pear",11.919,2.7,0,"LEA","pear",4
50016,"foods",5,"grapes",13.619,1.7,0,"LEA","grapes",4
50016,"foods",6,"carrots",16.419,2.8,0,"LEA","carrots",4
50016,"foods",7,"broccoli",18.119,1.7,0,"LEA","broccoli",4
50016,"foods",8,"lemon",20.219,2.1,0,"LEA","lemon",4
50016,"foods",9,"mushrooms",22.119,1.9,0,"LEA","mushrooms",4
50016,"foods",10,"peas",23.819,1.7,0,"LEA","peas",4
50016,"foods",11,"green_beans",25.419,1.6,0,"LEA","green beans",4
50016,"foods",12,"soup",27.219,1.8,1,"LEA","soup",4
50016,"foods",13,"steak",29.019,1.8,1,"LEA","steak",4
50016,"foods",14,"fish",30.819,1.8,0,"LEA","fish",4
50016,"foods",15,"chicken",32.719,1.9,0,"LEA","chicken",4
50016,"foods",16,"pork",34.619,1.9,0,"LEA","pork",4
50016,"foods",17,"tofu",36.819,2.2,1,"LEA","tofu",4
50016,"foods",18,"guacamole",39.619,2.8,1,"LEA","guacamole",4
50016,"foods",19,"queso",41.719,2.1,0,"LEA","queso",4
50016,"foods",20,"beans",43.719,2,0,"LEA","beans",4
50016,"foods",21,"rice",45.519,1.8,0,"LEA","rice",4
50016,"foods",22,"lettuce",47.719,2.2,0,"LEA","lettuce",4
50016,"foods",23,"tomato",49.819,2.1,1,"LEA","tomato",4
50016,"foods",24,"peppers",52.819,3,0,"LEA","peppers",4
50016,"foods",25,"jalapeno",54.719,1.9,0,"LEA","jalapeno",4
50016,"foods",26,"olives",56.919,2.2,0,"LEA","olives",4
50016,"foods",27,"bread",61.019,4.1,1,"LEA","bread",4
50016,"foods",28,"crackers",65.819,4.8,0,"LEA","crackers",4
50016,"foods",29,"hummus",68.019,2.2,1,"LEA","hummus",4
50016,"foods",30,"candy",70.819,2.8,1,"LEA","candy",4
50016,"foods",31,"ice_cream",72.819,2,0,"LEA","ice cream",4
50016,"foods",32,"frozen_yogurt",74.719,1.89999999999999,0,"LEA","frozen yogurt",4
50016,"foods",33,"sorbet",76.519,1.80000000000001,0,"LEA","sorbet",4
50016,"foods",34,"pie",78.619,2.09999999999999,0,"LEA","pie",4
50016,"foods",35,"quiche",80.319,1.7,1,"LEA","quiche",4
50016,"foods",36,"sausage",94.019,13.7,0,"LEA","sausage",4
50016,"foods",37,"eggs",95.819,1.8,0,"LEA","eggs",4
50016,"foods",38,"cheese",97.619,1.8,0,"LEA","cheese",4
50016,"foods",39,"nuts",109.519,11.9,1,"LEA","nuts",4
50016,"foods",40,"sunflower_seeds",119.819,10.3,0,"LEA","sunflower seeds",4
50016,"foods",41,"cookie",131.819,12,1,"LEA","cookie",4
50016,"foods",42,"doughnut",134.519,2.70000000000002,0,"LEA","doughnut",4
50016,"foods",43,"cupcake",136.719,2.19999999999999,0,"LEA","cupcake",4
50016,"foods",44,"chips",141.019,4.30000000000001,1,"LEA","chips",4
50016,"foods",45,"salsa",146.219,5.19999999999999,0,"LEA","salsa",4
50016,"foods",46,"french_fries",151.519,5.30000000000001,1,"LEA","french fries",4
50016,"foods",47,"potatoes",153.519,2,0,"LEA","potatoes",4
50016,"foods",48,"onions",162.919,9.40000000000001,1,"LEA","onions",4
50016,"foods",49,"pasta",171.819,8.89999999999998,1,"LEA","pasta",4
50016,"foods",50,"yogurt",177.019,5.20000000000002,1,"LEA","yogurt",4
50025,"foods",1,"apple",2.333,2.333,2,"LEA","apple",4
50025,"foods",2,"orange",2.833,0.5,0,"LEA","orange",4
50025,"foods",3,"banana",3.533,0.7,0,"LEA","banana",4
50025,"foods",4,"lettuce",4.433,0.9,1,"LEA","lettuce",4
50025,"foods",5,"lime",5.233,0.8,1,"LEA","lime",4
50025,"foods",6,"broccoli",6.133,0.9,1,"LEA","broccoli",4
50025,"foods",7,"avocado",7.033,0.9,1,"LEA","avocado",4
50025,"foods",8,"onions",8.533,1.5,0,"LEA","onions",4
50025,"foods",9,"cilantro",9.133,0.6,0,"LEA","cilantro",4
50025,"foods",10,"pozole",12.833,3.7,1,"LEA","pozole",4
50025,"foods",11,"olem",14.033,1.2,1,"LEA","olem",4
50025,"foods",12,"bread",15.333,1.3,1,"LEA","bread",4
50025,"foods",13,"oatmeal",16.433,1.1,1,"LEA","oatmeal",4
50025,"foods",14,"pancakes",19.533,3.1,0,"LEA","pancakes",4
50025,"foods",15,"french_toast",20.533,1,0,"LEA","french toast",4
50025,"foods",16,"soup",22.433,1.9,1,"LEA","soup",4
50025,"foods",17,"pot_roast",24.533,2.1,1,"LEA","pot roast",4
50025,"foods",18,"chicken",26.233,1.7,0,"LEA","chicken",4
50025,"foods",19,"pork_chops",27.933,1.7,0,"LEA","pork chops",4
50025,"foods",20,"roast_beef",29.333,1.4,0,"LEA","roast beef",4
50025,"foods",21,"avocado",30.833,1.5,1,"LEA","avocado",4
50025,"foods",22,"guacamole",32.933,2.1,0,"LEA","guacamole",4
50025,"foods",23,"cheese",37.433,4.5,1,"LEA","cheese",4
50025,"foods",24,"string_cheese",38.333,0.899999999999999,0,"LEA","string cheese",4
50025,"foods",25,"crackers",40.433,2.1,1,"LEA","crackers",4
50025,"foods",26,"ice_cream",42.933,2.5,1,"LEA","ice cream",4
50025,"foods",27,"fruit_cup",45.333,2.4,1,"LEA","fruit cup",4
50025,"foods",28,"yogurt",46.633,1.3,1,"LEA","yogurt",4
50025,"foods",29,"cake",49.833,3.2,1,"LEA","cake",4
50025,"foods",30,"brownie",50.733,0.899999999999999,0,"LEA","brownie",4
50025,"foods",31,"pop_tart",53.033,2.3,1,"LEA","pop tart",4
50025,"foods",32,"tamale",58.833,5.8,1,"LEA","tamale",4
50025,"foods",33,"torta",60.533,1.7,0,"LEA","torta",4
50025,"foods",34,"taco",61.733,1.2,0,"LEA","taco",4
50025,"foods",35,"rice",63.033,1.3,0,"LEA","rice",4
50025,"foods",36,"beans",64.333,1.3,0,"LEA","beans",4
50025,"foods",37,"gordita",66.433,2.10000000000001,0,"LEA","gordita",4
50025,"foods",38,"watermelon",69.633,3.19999999999999,1,"LEA","watermelon",4
50025,"foods",39,"cantaloupe",70.833,1.2,0,"LEA","cantaloupe",4
50025,"foods",40,"lemon",72.733,1.90000000000001,0,"LEA","lemon",4
50025,"foods",41,"eggs",78.333,5.59999999999999,1,"LEA","eggs",4
50025,"foods",42,"grains",83.133,4.8,1,"LEA","grains",4
50025,"foods",43,"corn_on_the_cob",84.833,1.7,1,"LEA","corn on the cob",4
50025,"foods",44,"candy",87.233,2.40000000000001,1,"LEA","candy",4
50025,"foods",45,"chocolate",89.933,2.7,0,"LEA","chocolate",4
50025,"foods",46,"reeses_cups",93.233,3.3,0,"LEA","reeses cups",4
50025,"foods",47,"granola_bar",95.533,2.3,1,"LEA","granola bar",4
50025,"foods",48,"chips",98.233,2.7,1,"LEA","chips",4
50025,"foods",49,"biscuits_and_gravy",103.033,4.8,1,"LEA","biscuits and gravy",4
50025,"foods",50,"chili",105.833,2.8,1,"LEA","chili",4
50025,"foods",51,"lasagna",107.033,1.2,1,"LEA","lasagna",4
50025,"foods",52,"fettuccine_alfredo",108.733,1.7,0,"LEA","fettuccine alfredo",4
50025,"foods",53,"banana_bread",115.733,7,1,"LEA","banana bread",4
50025,"foods",54,"zucchini_bread",117.533,1.8,0,"LEA","zucchini bread",4
50025,"foods",55,"yumasetti",122.333,4.8,1,"LEA","yumasetti",4
50025,"foods",56,"menudo",127.833,5.5,1,"LEA","menudo",4
50025,"foods",57,"rice_cake",132.533,4.69999999999999,1,"LEA","rice cake",4
50025,"foods",58,"pinto_beans",136.533,4,1,"LEA","pinto beans",4
50025,"foods",59,"black_beans",137.733,1.20000000000002,0,"LEA","black beans",4
50025,"foods",60,"energy_bites",145.433,7.69999999999999,1,"LEA","energy bites",4
50025,"foods",61,"lettuce",159.233,13.8,1,"LEA","lettuce",4
50025,"foods",62,"basil",161.933,2.69999999999999,0,"LEA","basil",4
50025,"foods",63,"green_beans",165.233,3.30000000000001,0,"LEA","green beans",4
50025,"foods",64,"peas",166.433,1.19999999999999,0,"LEA","peas",4
50025,"foods",65,"anchovies",171.333,4.90000000000001,1,"LEA","anchovies",4
50025,"foods",66,"tuna",174.333,3,0,"LEA","tuna",4
50025,"foods",67,"salmon",177.033,2.69999999999999,0,"LEA","salmon",4
50025,"foods",68,"octopus",180.033,3,0,"LEA","octopus",4
50003,"animals",1,"aardvark",3.214,3.214,2,"LEA","aardvark",4
50003,"animals",2,"ant",5.314,2.1,0,"LEA","ant",4
50003,"animals",3,"cat",7.114,1.8,0,"LEA","cat",4
50003,"animals",4,"dog",8.314,1.2,0,"LEA","dog",4
50003,"animals",5,"mouse",9.514,1.2,0,"LEA","mouse",4
50003,"animals",6,"horse",10.914,1.4,0,"LEA","horse",4
50003,"animals",7,"lizard",12.414,1.5,0,"LEA","lizard",4
50003,"animals",8,"crocodile",14.214,1.8,0,"LEA","crocodile",4
50003,"animals",9,"fox",17.114,2.9,0,"LEA","fox",4
50003,"animals",10,"wolf",18.314,1.2,0,"LEA","wolf",4
50003,"animals",11,"coyote",19.714,1.4,0,"LEA","coyote",4
50003,"animals",12,"panther",23.214,3.5,0,"LEA","panther",4
50003,"animals",13,"leopard",24.414,1.2,0,"LEA","leopard",4
50003,"animals",14,"lion",26.014,1.6,1,"LEA","lion",4
50003,"animals",15,"tiger",27.414,1.4,0,"LEA","tiger",4
50003,"animals",16,"bear",28.714,1.3,0,"LEA","bear",4
50003,"animals",17,"koala",32.514,3.8,1,"LEA","koala",4
50003,"animals",18,"kangaroo",34.414,1.9,0,"LEA","kangaroo",4
50003,"animals",19,"dingo",36.214,1.8,0,"LEA","dingo",4
50003,"animals",20,"elephant",41.014,4.8,0,"LEA","elephant",4
50003,"animals",21,"zebra",42.414,1.4,0,"LEA","zebra",4
50003,"animals",22,"antelope",43.914,1.5,0,"LEA","antelope",4
50003,"animals",23,"gazelle",46.714,2.8,0,"LEA","gazelle",4
50003,"animals",24,"giraffe",48.214,1.5,0,"LEA","giraffe",4
50003,"animals",25,"whale",50.514,2.3,1,"LEA","whale",4
50003,"animals",26,"fish",52.414,1.9,0,"LEA","fish",4
50003,"animals",27,"dolphin",53.814,1.4,0,"LEA","dolphin",4
50003,"animals",28,"shark",55.214,1.4,0,"LEA","shark",4
50003,"animals",29,"polar_bear",59.314,4.1,1,"LEA","polar bear",4
50003,"animals",30,"penguin",60.814,1.5,0,"LEA","penguin",4
50003,"animals",31,"lemur",66.714,5.9,1,"LEA","lemur",4
50003,"animals",32,"gorilla",69.814,3.09999999999999,0,"LEA","gorilla",4
50003,"animals",33,"chimpanzee",72.014,2.2,0,"LEA","chimpanzee",4
50003,"animals",34,"orangutan",75.614,3.60000000000001,0,"LEA","orangutan",4
50003,"animals",35,"human",82.014,6.39999999999999,0,"LEA","human",4
50003,"animals",36,"clam",85.814,3.8,1,"LEA","clam",4
50003,"animals",37,"shrimp",88.014,2.2,0,"LEA","shrimp",4
50003,"animals",38,"lobster",89.414,1.40000000000001,0,"LEA","lobster",4
50003,"animals",39,"crab",91.114,1.7,0,"LEA","crab",4
50003,"animals",40,"snail",99.214,8.09999999999999,0,"LEA","snail",4
50003,"animals",41,"snake",101.814,2.59999999999999,0,"LEA","snake",4
50003,"animals",42,"manta_ray",106.314,4.5,0,"LEA","manta ray",4
50003,"animals",43,"gecko",114.814,8.5,0,"LEA","gecko",4
50003,"animals",44,"swan",117.814,3,0,"LEA","swan",4
50003,"animals",45,"duck",119.514,1.7,0,"LEA","duck",4
50003,"animals",46,"robin",122.514,3,0,"LEA","robin",4
50003,"animals",47,"woodpecker",125.114,2.60000000000001,1,"LEA","woodpecker",4
50003,"animals",48,"eagle",127.614,2.5,0,"LEA","eagle",4
50003,"animals",49,"hawk",130.114,2.5,0,"LEA","hawk",4
50003,"animals",50,"falcon",130.414,0.299999999999983,0,"LEA","falcon",4
50003,"animals",51,"hippo",155.514,25.1,0,"LEA","hippo",4
50003,"animals",52,"weasel",161.114,5.59999999999999,1,"LEA","weasel",4
50003,"animals",53,"otter",162.114,1,0,"LEA","otter",4
50003,"animals",54,"beaver",164.814,2.69999999999999,0,"LEA","beaver",4
50003,"animals",55,"rat",168.314,3.5,0,"LEA","rat",4
50003,"animals",56,"squirrel",175.814,7.5,0,"LEA","squirrel",4
50003,"animals",57,"chipmunk",177.114,1.30000000000001,0,"LEA","chipmunk",4
50016,"animals",1,"dog",2.213,2.213,2,"LEA","dog",4
50016,"animals",2,"cat",3.213,1,0,"LEA","cat",4
50016,"animals",3,"rat",4.313,1.1,1,"LEA","rat",4
50016,"animals",4,"frog",5.513,1.2,1,"LEA","frog",4
50016,"animals",5,"snake",6.413,0.9,0,"LEA","snake",4
50016,"animals",6,"lizard",8.013,1.6,0,"LEA","lizard",4
50016,"animals",7,"giraffe",9.313,1.3,1,"LEA","giraffe",4
50016,"animals",8,"elephant",10.413,1.1,0,"LEA","elephant",4
50016,"animals",9,"hippopotamus",11.413,1,0,"LEA","hippopotamus",4
50016,"animals",10,"tiger",13.113,1.7,1,"LEA","tiger",4
50016,"animals",11,"lion",14.113,1,0,"LEA","lion",4
50016,"animals",12,"bear",15.113,1,0,"LEA","bear",4
50016,"animals",13,"jaguar",16.713,1.6,0,"LEA","jaguar",4
50016,"animals",14,"cheetah",17.713,1,0,"LEA","cheetah",4
50016,"animals",15,"wildebeest",21.713,4,1,"LEA","wildebeest",4
50016,"animals",16,"rhino",23.613,1.9,0,"LEA","rhino",4
50016,"animals",17,"snail",25.213,1.6,1,"LEA","snail",4
50016,"animals",18,"fish",28.113,2.9,0,"LEA","fish",4
50016,"animals",19,"bird",29.213,1.1,1,"LEA","bird",4
50016,"animals",20,"butterfly",55.513,26.3,1,"LEA","butterfly",4
50016,"animals",21,"insect",56.213,0.700000000000003,0,"LEA","insect",4
50016,"animals",22,"spider",58.713,2.5,0,"LEA","spider",4
50016,"animals",23,"scorpion",60.713,2,0,"LEA","scorpion",4
50016,"animals",24,"fly",63.413,2.7,0,"LEA","fly",4
50016,"animals",25,"bee",64.113,0.700000000000003,0,"LEA","bee",4
50016,"animals",26,"praying_mantis",66.213,2.09999999999999,0,"LEA","praying mantis",4
50016,"animals",27,"worm",73.413,7.2,1,"LEA","worm",4
50016,"animals",28,"toad",76.913,3.5,1,"LEA","toad",4
50016,"animals",29,"possum",78.613,1.7,1,"LEA","possum",4
50016,"animals",30,"raccoon",79.213,0.599999999999994,0,"LEA","raccoon",4
50016,"animals",31,"owl",82.013,2.80000000000001,1,"LEA","owl",4
50016,"animals",32,"hawk",84.013,2,0,"LEA","hawk",4
50016,"animals",33,"eagle",85.513,1.5,0,"LEA","eagle",4
50016,"animals",34,"coyote",93.113,7.59999999999999,1,"LEA","coyote",4
50016,"animals",35,"wolf",93.813,0.700000000000003,0,"LEA","wolf",4
50016,"animals",36,"deer",109.913,16.1,1,"LEA","deer",4
50016,"animals",37,"antelope",111.113,1.2,0,"LEA","antelope",4
50016,"animals",38,"elk",112.413,1.3,0,"LEA","elk",4
50016,"animals",39,"polar_bear",114.113,1.7,1,"LEA","polar bear",4
50016,"animals",40,"grizzly_bear",115.913,1.8,0,"LEA","grizzly bear",4
50016,"animals",41,"black_bear",117.213,1.3,0,"LEA","black bear",4
50016,"animals",42,"panda",119.013,1.80000000000001,0,"LEA","panda",4
50016,"animals",43,"goat",131.013,12,1,"LEA","goat",4
50016,"animals",44,"horse",131.913,0.900000000000006,0,"LEA","horse",4
50016,"animals",45,"pig",133.413,1.5,0,"LEA","pig",4
50016,"animals",46,"cow",134.913,1.5,0,"LEA","cow",4
50016,"animals",47,"sheep",138.513,3.59999999999999,0,"LEA","sheep",4
50016,"animals",48,"mouse",144.213,5.69999999999999,1,"LEA","mouse",4
50016,"animals",49,"person",152.713,8.5,1,"LEA","person",4
50016,"animals",50,"human",153.613,0.900000000000006,0,"LEA","human",4
50016,"animals",51,"dolphin",175.413,21.8,0,"LEA","dolphin",4
50016,"animals",52,"whale",176.513,1.09999999999999,1,"LEA","whale",4
50016,"animals",53,"shark",178.113,1.59999999999999,0,"LEA","shark",4
50016,"animals",54,"stingray",179.913,1.80000000000001,0,"LEA","stingray",4
50025,"animals",1,"ape",2.765,2.765,2,"LEA","ape",4
50025,"animals",2,"antelope",3.465,0.7,0,"LEA","antelope",4
50025,"animals",3,"anteater",4.465,1,0,"LEA","anteater",4
50025,"animals",4,"bee",7.665,3.2,1,"LEA","bee",4
50025,"animals",5,"butterfly",8.765,1.1,0,"LEA","butterfly",4
50025,"animals",6,"beaver",9.765,1,0,"LEA","beaver",4
50025,"animals",7,"bat",10.865,1.1,0,"LEA","bat",4
50025,"animals",8,"barracuda",12.665,1.8,0,"LEA","barracuda",4
50025,"animals",9,"cat",15.165,2.5,1,"LEA","cat",4
50025,"animals",10,"cow",17.065,1.9,0,"LEA","cow",4
50025,"animals",11,"dog",19.765,2.7,1,"LEA","dog",4
50025,"animals",12,"dolphin",20.565,0.800000000000001,0,"LEA","dolphin",4
50025,"animals",13,"deer",21.765,1.2,0,"LEA","deer",4
50025,"animals",14,"elephant",24.565,2.8,1,"LEA","elephant",4
50025,"animals",15,"fish",28.065,3.5,1,"LEA","fish",4
50025,"animals",16,"frog",30.565,2.5,0,"LEA","frog",4
50025,"animals",17,"goat",33.865,3.3,1,"LEA","goat",4
50025,"animals",18,"lion",39.165,5.3,1,"LEA","lion",4
50025,"animals",19,"zebra",40.965,1.8,0,"LEA","zebra",4
50025,"animals",20,"octopus",46.765,5.8,1,"LEA","octopus",4
50025,"animals",21,"starfish",49.965,3.2,0,"LEA","starfish",4
50025,"animals",22,"hamster",53.265,3.3,1,"LEA","hamster",4
50025,"animals",23,"gerbil",54.165,0.899999999999999,0,"LEA","gerbil",4
50025,"animals",24,"rat",55.965,1.8,0,"LEA","rat",4
50025,"animals",25,"mouse",57.065,1.09999999999999,0,"LEA","mouse",4
50025,"animals",26,"rabbit",59.865,2.8,0,"LEA","rabbit",4
50025,"animals",27,"gopher",63.465,3.6,0,"LEA","gopher",4
50025,"animals",28,"groundhog",65.165,1.7,0,"LEA","groundhog",4
50025,"animals",29,"flying_squirrel",70.665,5.5,0,"LEA","flying squirrel",4
50025,"animals",30,"squirrel",74.165,3.5,0,"LEA","squirrel",4
50025,"animals",31,"mammoth",77.965,3.8,1,"LEA","mammoth",4
50025,"animals",32,"snake",81.465,3.5,1,"LEA","snake",4
50025,"animals",33,"fawn",87.065,5.59999999999999,1,"LEA","fawn",4
50025,"animals",34,"mule",93.465,6.40000000000001,1,"LEA","mule",4
50025,"animals",35,"donkey",94.865,1.39999999999999,0,"LEA","donkey",4
50025,"animals",36,"coyote",100.865,6,1,"LEA","coyote",4
50025,"animals",37,"cub",107.265,6.40000000000001,0,"LEA","cub",4
50025,"animals",38,"leopard",110.165,2.90000000000001,0,"LEA","leopard",4
50025,"animals",39,"platypus",115.865,5.69999999999999,1,"LEA","platypus",4
50025,"animals",40,"kangaroo",118.965,3.10000000000001,0,"LEA","kangaroo",4
50025,"animals",41,"koala",120.365,1.39999999999999,0,"LEA","koala",4
50025,"animals",42,"sloth",122.065,1.7,0,"LEA","sloth",4
50025,"animals",43,"chimpanzee",124.465,2.40000000000001,1,"LEA","chimpanzee",4
50025,"animals",44,"black_bear",129.765,5.29999999999998,1,"LEA","black bear",4
50025,"animals",45,"hedgehog",141.565,11.8,1,"LEA","hedgehog",4
50025,"animals",46,"porcupine",143.065,1.5,0,"LEA","porcupine",4
50025,"animals",47,"ferret",149.265,6.19999999999999,1,"LEA","ferret",4
50025,"animals",48,"duck",154.865,5.60000000000002,1,"LEA","duck",4
50025,"animals",49,"goose",155.965,1.09999999999999,0,"LEA","goose",4
50025,"animals",50,"turkey",160.265,4.29999999999998,0,"LEA","turkey",4
50025,"animals",51,"bird",168.565,8.30000000000001,0,"LEA","bird",4
50025,"animals",52,"alligator",172.565,4,1,"LEA","alligator",4
50025,"animals",53,"crocodile",174.065,1.5,0,"LEA","crocodile",4
479,"animals",1,"Cat",0.705882353,0.705882353,NA,"HJT","Cat",4
479,"animals",2,"Dog",2.705882353,2,NA,"HJT","Dog",4
479,"animals",3,"Elephant",4.088235294,1.382352941,NA,"HJT","Elephant",4
479,"animals",4,"Giraffe",6.411764706,2.323529412,NA,"HJT","Giraffe",4
479,"animals",5,"Monkey",9.735294118,3.323529412,NA,"HJT","Monkey",4
479,"animals",6,"Gorilla",12.41176471,2.676470592,NA,"HJT","Gorilla",4
479,"animals",7,"Ape",14.70588235,2.29411764,NA,"HJT","Ape",4
479,"animals",8,"Chimpanzee",16.44117647,1.73529412,NA,"HJT","Chimpanzee",4
479,"animals",9,"Penguin",21.41176471,4.97058824,NA,"HJT","Penguin",4
479,"animals",10,"Antelope",24.08823529,2.67647058,NA,"HJT","Antelope",4
479,"animals",11,"Lion",28.05882353,3.97058824,NA,"HJT","Lion",4
479,"animals",12,"Tiger",31.05882353,3,NA,"HJT","Tiger",4
479,"animals",13,"Grizzly Bear",32.79411765,1.73529412,NA,"HJT","Grizzly Bear",4
479,"animals",14,"Black Bear",37.44117647,4.64705882,NA,"HJT","Black Bear",4
479,"animals",15,"Seal",41.38235294,3.94117647,NA,"HJT","Seal",4
479,"animals",16,"Walrus",43.73529412,2.35294118,NA,"HJT","Walrus",4
479,"animals",17,"Flamingo",49.08823529,5.35294117,NA,"HJT","Flamingo",4
479,"animals",18,"Peacock",54.41176471,5.32352942,NA,"HJT","Peacock",4
479,"animals",19,"Squirrel",58.08823529,3.67647058,NA,"HJT","Squirrel",4
479,"animals",20,"Chipmunk",63.08823529,5,NA,"HJT","Chipmunk",4
479,"animals",21,"Fish",69.38235294,6.29411765,NA,"HJT","Fish",4
479,"animals",22,"Star Fish",70.76470588,1.38235293999999,NA,"HJT","Star Fish",4
479,"animals",23,"Sea Horse",72.76470588,2,NA,"HJT","Sea Horse",4
479,"animals",24,"Shark",80.05882353,7.29411765,NA,"HJT","Shark",4
479,"animals",25,"Killer Whale",82.79411765,2.73529412000001,NA,"HJT","Killer Whale",4
479,"animals",26,"Clown Fish",92.44117647,9.64705882,NA,"HJT","Clown Fish",4
479,"animals",27,"Dalmatian",101.7647059,9.32352942999999,NA,"HJT","Dalmatian",4
479,"animals",28,"Sparrow",107.4117647,5.64705880000001,NA,"HJT","Sparrow",4
479,"animals",29,"Eagle",111.0588235,3.6470588,NA,"HJT","Eagle",4
479,"animals",30,"Egret",115.0588235,4,NA,"HJT","Egret",4
479,"animals",31,"Blue Footed Booby",118.1764706,3.1176471,NA,"HJT","Blue Footed Booby",4
479,"animals",32,"Muskrat",130.4117647,12.2352941,NA,"HJT","Muskrat",4
479,"animals",33,"Possum",133.7352941,3.32352940000001,NA,"HJT","Possum",4
479,"animals",34,"Mole",137.3823529,3.6470588,NA,"HJT","Mole",4
479,"animals",35,"Raccoon",139.4117647,2.02941179999999,NA,"HJT","Raccoon",4
479,"animals",36,"Geese",142.0588235,2.6470588,NA,"HJT","Geese",4
479,"animals",37,"Ducks",145.0588235,3,NA,"HJT","Ducks",4
479,"animals",38,"Gulls",147.0588235,2,NA,"HJT","Gulls",4
479,"animals",39,"Cow",154.7058824,7.64705890000002,NA,"HJT","Cow",4
479,"animals",40,"Horse",156.0588235,1.35294109999998,NA,"HJT","Horse",4
479,"animals",41,"Pig",158.7058824,2.64705890000002,NA,"HJT","Pig",4
479,"animals",42,"Sheep",163.0588235,4.35294109999998,NA,"HJT","Sheep",4
479,"animals",43,"Ewe",164.7058824,1.64705890000002,NA,"HJT","Ewe",4
479,"animals",44,"Lamb",167.3823529,2.67647049999999,NA,"HJT","Lamb",4
479,"animals",45,"Wolf",171.3823529,4,NA,"HJT","Wolf",4
479,"animals",46,"Leopard",178.4117647,7.02941179999999,NA,"HJT","Leopard",4
597,"animals",1,"Lion",1.75,1.75,NA,"HJT","Lion",4
597,"animals",2,"Zebra",3.5,1.75,NA,"HJT","Zebra",4
597,"animals",3,"Salamander",5.25,1.75,NA,"HJT","Salamander",4
597,"animals",4,"Pig",8,2.75,NA,"HJT","Pig",4
597,"animals",5,"Cow",10,2,NA,"HJT","Cow",4
597,"animals",6,"Rooster",11,1,NA,"HJT","Rooster",4
597,"animals",7,"Hen",13,2,NA,"HJT","Hen",4
597,"animals",8,"Duck",13.75,0.75,NA,"HJT","Duck",4
597,"animals",9,"Bird",16.75,3,NA,"HJT","Bird",4
597,"animals",10,"Hippo",20.5,3.75,NA,"HJT","Hippo",4
597,"animals",11,"Giraffe",23,2.5,NA,"HJT","Giraffe",4
597,"animals",12,"Monkey",25.25,2.25,NA,"HJT","Monkey",4
597,"animals",13,"Gorilla",27,1.75,NA,"HJT","Gorilla",4
597,"animals",14,"Fly",38,11,NA,"HJT","Fly",4
597,"animals",15,"Dog",49,11,NA,"HJT","Dog",4
597,"animals",16,"Cat",50,1,NA,"HJT","Cat",4
597,"animals",17,"Parroket",55.5,5.5,NA,"HJT","Parroket",4
597,"animals",18,"Frog",62.75,7.25,NA,"HJT","Frog",4
597,"animals",19,"Snake",72.5,9.75,NA,"HJT","Snake",4
597,"animals",20,"Bobcat",79.25,6.75,NA,"HJT","Bobcat",4
597,"animals",21,"Cheetah",81,1.75,NA,"HJT","Cheetah",4
597,"animals",22,"Rhino",82.5,1.5,NA,"HJT","Rhino",4
597,"animals",23,"Panther",89,6.5,NA,"HJT","Panther",4
597,"animals",24,"Hyena",96.25,7.25,NA,"HJT","Hyena",4
597,"animals",25,"Turtle",104.25,8,NA,"HJT","Turtle",4
597,"animals",26,"Rabbit",107.25,3,NA,"HJT","Rabbit",4
597,"animals",27,"Moth",123.75,16.5,NA,"HJT","Moth",4
597,"animals",28,"Butterfly",127.5,3.75,NA,"HJT","Butterfly",4
597,"animals",29,"Human",133.5,6,NA,"HJT","Human",4
597,"animals",30,"Dolphin",150.75,17.25,NA,"HJT","Dolphin",4
597,"animals",31,"Polar Bear",153.25,2.5,NA,"HJT","Polar Bear",4
597,"animals",32,"Grizzly Bear",154.75,1.5,NA,"HJT","Grizzly Bear",4
597,"animals",33,"Mountain Bear",157.5,2.75,NA,"HJT","Mountain Bear",4
597,"animals",34,"Owl",167,9.5,NA,"HJT","Owl",4
597,"animals",35,"Orangutan",181.25,14.25,NA,"HJT","Orangutan",4
681,"animals",1,"Dog",0.647058824,0.647058824,NA,"HJT","Dog",4
681,"animals",2,"Cat",1.647058824,1,NA,"HJT","Cat",4
681,"animals",3,"Bird",2.308823529,0.661764705,NA,"HJT","Bird",4
681,"animals",4,"Elephant",2.955882353,0.647058824,NA,"HJT","Elephant",4
681,"animals",5,"Lion",5.308823529,2.352941176,NA,"HJT","Lion",4
681,"animals",6,"Tiger",5.970588235,0.661764706,NA,"HJT","Tiger",4
681,"animals",7,"Pig",9.647058824,3.676470589,NA,"HJT","Pig",4
681,"animals",8,"Guinea Pig",9.279411765,-0.367647058999999,NA,"HJT","Guinea Pig",4
681,"animals",9,"Bird",12.30882353,3.029411765,NA,"HJT","Bird",4
681,"animals",10,"Chick",13.97058824,1.66176471,NA,"HJT","Chick",4
681,"animals",11,"Cub",16.64705882,2.67647058,NA,"HJT","Cub",4
681,"animals",12,"Bear",17.30882353,0.66176471,NA,"HJT","Bear",4
681,"animals",13,"Dolphin",22.29411765,4.98529412,NA,"HJT","Dolphin",4
681,"animals",14,"Kangaroo",24.95588235,2.6617647,NA,"HJT","Kangaroo",4
681,"animals",15,"Owl",28.64705882,3.69117647,NA,"HJT","Owl",4
681,"animals",16,"Robin",30.97058824,2.32352942,NA,"HJT","Robin",4
681,"animals",17,"Sparrow",32.29411765,1.32352941,NA,"HJT","Sparrow",4
681,"animals",18,"Falcon",34.63235294,2.33823529,NA,"HJT","Falcon",4
681,"animals",19,"Eagle",36.97058824,2.3382353,NA,"HJT","Eagle",4
681,"animals",20,"Pigeon",39.63235294,2.6617647,NA,"HJT","Pigeon",4
681,"animals",21,"Dove",41.30882353,1.67647059,NA,"HJT","Dove",4
681,"animals",22,"Duck",43.30882353,2,NA,"HJT","Duck",4
681,"animals",23,"Penguin",43.29411765,-0.0147058800000011,NA,"HJT","Penguin",4
681,"animals",24,"Emu",47.30882353,4.01470588,NA,"HJT","Emu",4
681,"animals",25,"Ostrich",47.29411765,-0.0147058800000011,NA,"HJT","Ostrich",4
681,"animals",26,"Giraffe",49.29411765,2,NA,"HJT","Giraffe",4
681,"animals",27,"Wolf",56.97058824,7.67647059,NA,"HJT","Wolf",4
681,"animals",28,"Cougar",59.63235294,2.6617647,NA,"HJT","Cougar",4
681,"animals",29,"Panther",61.29411765,1.66176471,NA,"HJT","Panther",4
681,"animals",30,"Snake",63.97058824,2.67647059,NA,"HJT","Snake",4
681,"animals",31,"Boa Constrictor",65.58823529,1.61764705,NA,"HJT","Boa Constrictor",4
681,"animals",32,"Gecko",69.97058824,4.38235295,NA,"HJT","Gecko",4
681,"animals",33,"Lizard",72.63235294,2.66176470000001,NA,"HJT","Lizard",4
681,"animals",34,"Spider",76.63235294,4,NA,"HJT","Spider",4
681,"animals",35,"Ant",79.64705882,3.01470587999999,NA,"HJT","Ant",4
681,"animals",36,"Rabbit",82.63235294,2.98529412000001,NA,"HJT","Rabbit",4
681,"animals",37,"Hare",85.97058824,3.33823529999999,NA,"HJT","Hare",4
681,"animals",38,"Toad",90.30882353,4.33823529,NA,"HJT","Toad",4
681,"animals",39,"Frog",92.30882353,2,NA,"HJT","Frog",4
681,"animals",40,"Toad",95.30882353,3,NA,"HJT","Toad",4
681,"animals",41,"Turtle",100.6323529,5.32352937,NA,"HJT","Turtle",4
681,"animals",42,"Fish",103.3088235,2.6764706,NA,"HJT","Fish",4
681,"animals",43,"Clownfish",106.6176471,3.3088236,NA,"HJT","Clownfish",4
681,"animals",44,"Whale",108.9705882,2.3529411,NA,"HJT","Whale",4
681,"animals",45,"Walrus",112.6323529,3.66176470000001,NA,"HJT","Walrus",4
681,"animals",46,"Dodo",117.3088235,4.6764706,NA,"HJT","Dodo",4
681,"animals",47,"Koala",120.9705882,3.66176469999999,NA,"HJT","Koala",4
681,"animals",48,"Wallaby",122.2941176,1.32352940000001,NA,"HJT","Wallaby",4
681,"animals",49,"Rooster",131.2941176,8.99999999999999,NA,"HJT","Rooster",4
681,"animals",50,"Chicken",132.9558824,1.66176480000001,NA,"HJT","Chicken",4
681,"animals",51,"Turkey",136.6323529,3.67647049999999,NA,"HJT","Turkey",4
681,"animals",52,"Duck-Billed Platypus",146.8970588,10.2647059,NA,"HJT","Duck-Billed Platypus",4
681,"animals",53,"Porpoise",158.9558824,12.0588236,NA,"HJT","Porpoise",4
681,"animals",54,"Geese",168.9705882,10.0147058,NA,"HJT","Geese",4
681,"animals",55,"Goose",170.9705882,2,NA,"HJT","Goose",4
681,"animals",56,"Moose",172.6323529,1.66176469999999,NA,"HJT","Moose",4
681,"animals",57,"Deer",174.9705882,2.33823530000001,NA,"HJT","Deer",4
681,"animals",58,"Doe",177.3088235,2.33823529999998,NA,"HJT","Doe",4
681,"animals",59,"Buck",179.3088235,2,NA,"HJT","Buck",4
479,"foods",1,"Fries",4.058823529,4.058823529,NA,"HJT","Fries",4
479,"foods",2,"Fruit",6.058823529,2,NA,"HJT","Fruit",4
479,"foods",3,"Strawberry",8.794117647,2.735294118,NA,"HJT","Strawberry",4
479,"foods",4,"Banana",13.41176471,4.617647063,NA,"HJT","Banana",4
479,"foods",5,"Coconut",15.41176471,2,NA,"HJT","Coconut",4
479,"foods",6,"Pineapple",17.76470588,2.35294117,NA,"HJT","Pineapple",4
479,"foods",7,"Grape",21.73529412,3.97058824,NA,"HJT","Grape",4
479,"foods",8,"Mango",25.05882353,3.32352941,NA,"HJT","Mango",4
479,"foods",9,"Melon",26.05882353,1,NA,"HJT","Melon",4
479,"foods",10,"Peach",28.41176471,2.35294118,NA,"HJT","Peach",4
479,"foods",11,"Pear",31.05882353,2.64705882,NA,"HJT","Pear",4
479,"foods",12,"Orange",32.41176471,1.35294118,NA,"HJT","Orange",4
479,"foods",13,"Apple",34.73529412,2.32352941,NA,"HJT","Apple",4
479,"foods",14,"Tangerine",36.44117647,1.70588235,NA,"HJT","Tangerine",4
479,"foods",15,"Grapefruit",39.44117647,3,NA,"HJT","Grapefruit",4
479,"foods",16,"Passionfruit",41.79411765,2.35294118,NA,"HJT","Passionfruit",4
479,"foods",17,"Starfruit",45.44117647,3.64705882,NA,"HJT","Starfruit",4
479,"foods",18,"Watermelon",50.44117647,5,NA,"HJT","Watermelon",4
479,"foods",19,"Muskmelon",55.44117647,5,NA,"HJT","Muskmelon",4
479,"foods",20,"Cucumber",59.08823529,3.64705882,NA,"HJT","Cucumber",4
479,"foods",21,"Vegetable",62.44117647,3.35294118,NA,"HJT","Vegetable",4
479,"foods",22,"Carrot",66.41176471,3.97058824,NA,"HJT","Carrot",4
479,"foods",23,"Pea",69.38235294,2.97058823,NA,"HJT","Pea",4
479,"foods",24,"Lettuce",72.41176471,3.02941177,NA,"HJT","Lettuce",4
479,"foods",25,"Potato",74.08823529,1.67647058,NA,"HJT","Potato",4
479,"foods",26,"Tomato",78.41176471,4.32352942,NA,"HJT","Tomato",4
479,"foods",27,"Turnip",84.73529412,6.32352941000001,NA,"HJT","Turnip",4
479,"foods",28,"Pumpkin",89.41176471,4.67647058999999,NA,"HJT","Pumpkin",4
479,"foods",29,"Beet",92.05882353,2.64705882,NA,"HJT","Beet",4
479,"foods",30,"Liver",97.05882353,5,NA,"HJT","Liver",4
479,"foods",31,"Onion",98.73529412,1.67647059000001,NA,"HJT","Onion",4
479,"foods",32,"Corn",102.3823529,3.64705878,NA,"HJT","Corn",4
479,"foods",33,"Beef",104.3823529,2,NA,"HJT","Beef",4
479,"foods",34,"Steak",106.0588235,1.6764706,NA,"HJT","Steak",4
479,"foods",35,"Cube Steak",109.4411765,3.382353,NA,"HJT","Cube Steak",4
479,"foods",36,"Chicken Breast",110.4705882,1.0294117,NA,"HJT","Chicken Breast",4
479,"foods",37,"Fried Chicken",114.4705882,4,NA,"HJT","Fried Chicken",4
479,"foods",38,"Chicken Tender",116.8235294,2.3529412,NA,"HJT","Chicken Tender",4
479,"foods",39,"Chicken Sandwich",123.5,6.6764706,NA,"HJT","Chicken Sandwich",4
479,"foods",40,"Tuna Salad",127.4411765,3.9411765,NA,"HJT","Tuna Salad",4
479,"foods",41,"Potato Salad",129.7941176,2.3529411,NA,"HJT","Potato Salad",4
479,"foods",42,"Macaroni Salad",133.1470588,3.3529412,NA,"HJT","Macaroni Salad",4
479,"foods",43,"Macaroni",138.7647059,5.6176471,NA,"HJT","Macaroni",4
479,"foods",44,"Caesar Salad",144.1176471,5.3529412,NA,"HJT","Caesar Salad",4
479,"foods",45,"Fruit Salad",150.1176471,6,NA,"HJT","Fruit Salad",4
479,"foods",46,"Cauliflower",156.1176471,6,NA,"HJT","Cauliflower",4
479,"foods",47,"Cabbage",159.4117647,3.29411759999999,NA,"HJT","Cabbage",4
479,"foods",48,"Eggroll",163.0882353,3.67647060000002,NA,"HJT","Eggroll",4
479,"foods",49,"Sweet And Sour Pork",164.5294118,1.44117649999998,NA,"HJT","Sweet And Sour Pork",4
479,"foods",50,"Porkchop",172.4411765,7.91176470000002,NA,"HJT","Porkchop",4
479,"foods",51,"Rib",176.3823529,3.94117639999999,NA,"HJT","Rib",4
479,"foods",52,"Pizza",182.0588235,5.67647059999999,NA,"HJT","Pizza",4
597,"foods",1,"Banana",2.25,2.25,NA,"HJT","Banana",4
597,"foods",2,"Apple",3.5,1.25,NA,"HJT","Apple",4
597,"foods",3,"Orange",5.25,1.75,NA,"HJT","Orange",4
597,"foods",4,"Broccoli",6.75,1.5,NA,"HJT","Broccoli",4
597,"foods",5,"Sauerkraut",11.25,4.5,NA,"HJT","Sauerkraut",4
597,"foods",6,"Hotdog",14,2.75,NA,"HJT","Hotdog",4
597,"foods",7,"Hamburger",14.5,0.5,NA,"HJT","Hamburger",4
597,"foods",8,"Cheeseburger",18.75,4.25,NA,"HJT","Cheeseburger",4
597,"foods",9,"Sausage",22,3.25,NA,"HJT","Sausage",4
597,"foods",10,"Egg",27,5,NA,"HJT","Egg",4
597,"foods",11,"Bacon",30.5,3.5,NA,"HJT","Bacon",4
597,"foods",12,"Ham",33,2.5,NA,"HJT","Ham",4
597,"foods",13,"Turkey",35.25,2.25,NA,"HJT","Turkey",4
597,"foods",14,"Bread",37.5,2.25,NA,"HJT","Bread",4
597,"foods",15,"Yogurt",43.25,5.75,NA,"HJT","Yogurt",4
597,"foods",16,"Pizza",47.5,4.25,NA,"HJT","Pizza",4
597,"foods",17,"Pita",56.75,9.25,NA,"HJT","Pita",4
597,"foods",18,"Quesadilla",58.25,1.5,NA,"HJT","Quesadilla",4
597,"foods",19,"Burrito",61,2.75,NA,"HJT","Burrito",4
597,"foods",20,"Taco",67.75,6.75,NA,"HJT","Taco",4
597,"foods",21,"Tortilla",72.75,5,NA,"HJT","Tortilla",4
597,"foods",22,"Rice",79.75,7,NA,"HJT","Rice",4
597,"foods",23,"Chicken",83,3.25,NA,"HJT","Chicken",4
597,"foods",24,"Pea",93.75,10.75,NA,"HJT","Pea",4
597,"foods",25,"Corn",95.75,2,NA,"HJT","Corn",4
597,"foods",26,"Celery",97.25,1.5,NA,"HJT","Celery",4
597,"foods",27,"Tomato",102,4.75,NA,"HJT","Tomato",4
597,"foods",28,"Grape",110.25,8.25,NA,"HJT","Grape",4
597,"foods",29,"Sunflower Seed",115,4.75,NA,"HJT","Sunflower Seed",4
597,"foods",30,"Pumpkinseed",121.5,6.5,NA,"HJT","Pumpkinseed",4
597,"foods",31,"Hashbrown",128.25,6.75,NA,"HJT","Hashbrown",4
597,"foods",32,"Apricot",153.75,25.5,NA,"HJT","Apricot",4
597,"foods",33,"Raisin",156,2.25,NA,"HJT","Raisin",4
597,"foods",34,"Cashew",158,2,NA,"HJT","Cashew",4
597,"foods",35,"Walnut",160,2,NA,"HJT","Walnut",4
597,"foods",36,"Fish",162.75,2.75,NA,"HJT","Fish",4
597,"foods",37,"Salmon",167.25,4.5,NA,"HJT","Salmon",4
597,"foods",38,"Tuna",170.5,3.25,NA,"HJT","Tuna",4
597,"foods",39,"Green Bean",184,13.5,NA,"HJT","Green Bean",4
681,"foods",1,"Chocolate",1.617647059,1.617647059,NA,"HJT","Chocolate",4
681,"foods",2,"Bagel",4.970588235,3.352941176,NA,"HJT","Bagel",4
681,"foods",3,"Pizza",7.632352941,2.661764706,NA,"HJT","Pizza",4
681,"foods",4,"Pasta",9.970588235,2.338235294,NA,"HJT","Pasta",4
681,"foods",5,"Salad",10.97058824,1.000000005,NA,"HJT","Salad",4
681,"foods",7,"Ice-Cream",16.61764706,2.64705882,NA,"HJT","Ice-Cream",4
681,"foods",8,"Chip",18.97058824,2.35294118,NA,"HJT","Chip",4
681,"foods",9,"Salsa",20.97058824,2,NA,"HJT","Salsa",4
681,"foods",10,"Hotdog",21.95588235,0.985294109999998,NA,"HJT","Hotdog",4
681,"foods",11,"Hamburger",25.27941176,3.32352941,NA,"HJT","Hamburger",4
681,"foods",12,"French-Fry",28.60294118,3.32352942,NA,"HJT","French-Fry",4
681,"foods",13,"Frozen Yogurt",33.26470588,4.6617647,NA,"HJT","Frozen Yogurt",4
681,"foods",14,"Yogurt",38.63235294,5.36764706,NA,"HJT","Yogurt",4
681,"foods",15,"Cereal",40.63235294,2,NA,"HJT","Cereal",4
681,"foods",16,"Cake",42.30882353,1.67647059,NA,"HJT","Cake",4
681,"foods",17,"Cupcake",45.29411765,2.98529412,NA,"HJT","Cupcake",4
681,"foods",18,"Cookie",47.63235294,2.33823529,NA,"HJT","Cookie",4
681,"foods",19,"Tiramisu",51.61764706,3.98529412000001,NA,"HJT","Tiramisu",4
681,"foods",20,"Samosa",54.29411765,2.67647058999999,NA,"HJT","Samosa",4
681,"foods",21,"Lo Mein",59.29411765,5,NA,"HJT","Lo Mein",4
681,"foods",22,"Matzo",63.63235294,4.33823529,NA,"HJT","Matzo",4
681,"foods",23,"Matzo Ball Soup",65.25,1.61764706,NA,"HJT","Matzo Ball Soup",4
681,"foods",24,"Soup",71.30882353,6.05882353,NA,"HJT","Soup",4
681,"foods",25,"Stew",72.30882353,1,NA,"HJT","Stew",4
681,"foods",26,"Egg",75.30882353,3,NA,"HJT","Egg",4
681,"foods",27,"Hashbrown",75.94117647,0.632352940000004,NA,"HJT","Hashbrown",4
681,"foods",28,"Muffin",79.95588235,4.01470587999999,NA,"HJT","Muffin",4
681,"foods",29,"Strawberry",84.60294118,4.64705883000001,NA,"HJT","Strawberry",4
681,"foods",30,"Apple",87.63235294,3.02941176,NA,"HJT","Apple",4
681,"foods",31,"Banana",90.29411765,2.66176471,NA,"HJT","Banana",4
681,"foods",32,"Sandwich",92.61764706,2.32352940999999,NA,"HJT","Sandwich",4
681,"foods",33,"Hoagie",96.63235294,4.01470588000001,NA,"HJT","Hoagie",4
681,"foods",34,"Sub",99.64705882,3.01470587999999,NA,"HJT","Sub",4
681,"foods",35,"Panini",105.6323529,5.98529408,NA,"HJT","Panini",4
681,"foods",36,"Patty Melt",111.2794118,5.6470589,NA,"HJT","Patty Melt",4
681,"foods",37,"Baked Potato",119.6029412,8.3235294,NA,"HJT","Baked Potato",4
681,"foods",38,"Ham",128.6470588,9.04411759999999,NA,"HJT","Ham",4
681,"foods",39,"Turkey",130.6323529,1.9852941,NA,"HJT","Turkey",4
681,"foods",40,"Chicken",134.2941176,3.66176469999999,NA,"HJT","Chicken",4
681,"foods",41,"Pastry",138.6323529,4.33823530000001,NA,"HJT","Pastry",4
681,"foods",42,"Eclair",140.6323529,2,NA,"HJT","Eclair",4
681,"foods",43,"Napoleon",145.9558824,5.32352950000001,NA,"HJT","Napoleon",4
681,"foods",44,"Creampuff",150.2794118,4.32352939999998,NA,"HJT","Creampuff",4
681,"foods",45,"Cheese Puff",152.9411765,2.66176470000002,NA,"HJT","Cheese Puff",4
681,"foods",46,"Candy",158.9705882,6.0294117,NA,"HJT","Candy",4
681,"foods",47,"Tootsie Roll",159.2647059,0.294117699999987,NA,"HJT","Tootsie Roll",4
681,"foods",48,"Twizzler",164.6176471,5.3529412,NA,"HJT","Twizzler",4
681,"foods",49,"Twix Bar",167.6176471,3,NA,"HJT","Twix Bar",4
681,"foods",50,"Snicker",169.9558824,2.33823530000001,NA,"HJT","Snicker",4
681,"foods",51,"Mr Goodbar",172.6029412,2.6470588,NA,"HJT","Mr Goodbar",4
681,"foods",52,"Krackel",177.2941176,4.69117639999999,NA,"HJT","Krackel",4
479,"occupations",1,"Artist",2.735294118,2.735294118,NA,"HJT","Artist",4
479,"occupations",2,"Teacher",7.411764706,4.676470588,NA,"HJT","Teacher",4
479,"occupations",3,"Doctor",9.735294118,2.323529412,NA,"HJT","Doctor",4
479,"occupations",4,"Actor",13.05882353,3.323529412,NA,"HJT","Actor",4
479,"occupations",5,"Director",16.08823529,3.02941176,NA,"HJT","Director",4
479,"occupations",6,"Producer",18.08823529,2,NA,"HJT","Producer",4
479,"occupations",7,"Worker",20.14705882,2.05882353,NA,"HJT","Worker",4
479,"occupations",8,"Pathologist",23.85294118,3.70588236,NA,"HJT","Pathologist",4
479,"occupations",9,"Audiologist",30.11764706,6.26470588,NA,"HJT","Audiologist",4
479,"occupations",10,"Senator",36.41176471,6.29411765,NA,"HJT","Senator",4
479,"occupations",11,"Representative",41.14705882,4.73529411,NA,"HJT","Representative",4
479,"occupations",12,"President",44.76470588,3.61764706,NA,"HJT","President",4
479,"occupations",13,"Secretary",51.76470588,7,NA,"HJT","Secretary",4
479,"occupations",14,"Cabinet",57.85294118,6.0882353,NA,"HJT","Cabinet",4
479,"occupations",15,"Treasurer",64.76470588,6.91176469999999,NA,"HJT","Treasurer",4
479,"occupations",16,"Owner",72.14705882,7.38235294,NA,"HJT","Owner",4
479,"occupations",17,"Auditor",78.41176471,6.26470589,NA,"HJT","Auditor",4
479,"occupations",18,"Accountant",83.11764706,4.70588235,NA,"HJT","Accountant",4
479,"occupations",19,"Advisor",85.17647059,2.05882353,NA,"HJT","Advisor",4
479,"occupations",20,"Stockbroker",92.47058824,7.29411765,NA,"HJT","Stockbroker",4
479,"occupations",21,"Curator",97.14705882,4.67647058,NA,"HJT","Curator",4
479,"occupations",22,"Guard",116.1470588,18.99999998,NA,"HJT","Guard",4
479,"occupations",23,"Police",124.4117647,8.26470590000001,NA,"HJT","Police",4
479,"occupations",24,"Fireman",126.4117647,2,NA,"HJT","Fireman",4
479,"occupations",25,"Nurse",130.0588235,3.64705879999998,NA,"HJT","Nurse",4
479,"occupations",26,"Surgeon",132.4117647,2.3529412,NA,"HJT","Surgeon",4
479,"occupations",27,"Anesthesiologist",137.8235294,5.41176470000002,NA,"HJT","Anesthesiologist",4
479,"occupations",28,"Psychiatrist",144.7941176,6.97058819999998,NA,"HJT","Psychiatrist",4
479,"occupations",29,"Psychologist",150.4705882,5.67647060000002,NA,"HJT","Psychologist",4
479,"occupations",30,"Counselor",154.7647059,4.29411769999999,NA,"HJT","Counselor",4
479,"occupations",31,"Therapist",159.4411765,4.67647060000002,NA,"HJT","Therapist",4
479,"occupations",32,"Server",164.7352941,5.29411759999999,NA,"HJT","Server",4
479,"occupations",33,"Waitress",167.7647059,3.02941179999999,NA,"HJT","Waitress",4
479,"occupations",34,"Hostess",171.4117647,3.6470588,NA,"HJT","Hostess",4
479,"occupations",35,"Manager",176.4117647,5,NA,"HJT","Manager",4
597,"occupations",1,"Janitor",4,4,NA,"HJT","Janitor",4
597,"occupations",2,"Accountant",5.25,1.25,NA,"HJT","Accountant",4
597,"occupations",3,"Executive",7.5,2.25,NA,"HJT","Executive",4
597,"occupations",4,"Vendor",11.5,4,NA,"HJT","Vendor",4
597,"occupations",5,"Lawnmower",15.25,3.75,NA,"HJT","Lawnmower",4
597,"occupations",6,"Actress",19,3.75,NA,"HJT","Actress",4
597,"occupations",7,"Actor",20.5,1.5,NA,"HJT","Actor",4
597,"occupations",8,"FBI",25.5,5,NA,"HJT","FBI",4
597,"occupations",9,"Policeman",27.5,2,NA,"HJT","Policeman",4
597,"occupations",10,"Celebrity",35.5,8,NA,"HJT","Celebrity",4
597,"occupations",11,"Attorney",46.75,11.25,NA,"HJT","Attorney",4
597,"occupations",12,"Paralegal",49.5,2.75,NA,"HJT","Paralegal",4
597,"occupations",13,"Therapist",53.5,4,NA,"HJT","Therapist",4
597,"occupations",14,"Psychologist",55.75,2.25,NA,"HJT","Psychologist",4
597,"occupations",15,"Sociologist",59,3.25,NA,"HJT","Sociologist",4
597,"occupations",16,"Biologist",64.5,5.5,NA,"HJT","Biologist",4
597,"occupations",17,"Fireman",73,8.5,NA,"HJT","Fireman",4
597,"occupations",18,"Worker",75,2,NA,"HJT","Worker",4
597,"occupations",19,"Tollbooth",82.25,7.25,NA,"HJT","Tollbooth",4
597,"occupations",20,"Athlete",91,8.75,NA,"HJT","Athlete",4
597,"occupations",22,"Accountant",107.25,13.75,NA,"HJT","Accountant",4
597,"occupations",23,"Scientist",123.5,16.25,NA,"HJT","Scientist",4
597,"occupations",24,"Chemist",128,4.5,NA,"HJT","Chemist",4
597,"occupations",25,"Explorer",131.75,3.75,NA,"HJT","Explorer",4
597,"occupations",26,"Writer",143.25,11.5,NA,"HJT","Writer",4
597,"occupations",27,"Director",145.75,2.5,NA,"HJT","Director",4
597,"occupations",28,"Producer",147.75,2,NA,"HJT","Producer",4
597,"occupations",29,"Agent",157.5,9.75,NA,"HJT","Agent",4
597,"occupations",30,"President",162.5,5,NA,"HJT","President",4
597,"occupations",31,"Senator",168,5.5,NA,"HJT","Senator",4
597,"occupations",32,"Doctor",178.25,10.25,NA,"HJT","Doctor",4
681,"occupations",1,"Teacher",0.294117647,0.294117647,NA,"HJT","Teacher",4
681,"occupations",2,"Judge",2.970588235,2.676470588,NA,"HJT","Judge",4
681,"occupations",3,"Lawyer",3.632352941,0.661764706,NA,"HJT","Lawyer",4
681,"occupations",4,"Rabbi",5.970588235,2.338235294,NA,"HJT","Rabbi",4
681,"occupations",5,"Priest",7.632352941,1.661764706,NA,"HJT","Priest",4
681,"occupations",6,"Nurse",9.970588235,2.338235294,NA,"HJT","Nurse",4
681,"occupations",7,"Orthodontist",11.60294118,1.632352945,NA,"HJT","Orthodontist",4
681,"occupations",8,"Designer",15.95588235,4.35294117,NA,"HJT","Designer",4
681,"occupations",9,"Arranger",21.58823529,5.63235294,NA,"HJT","Arranger",4
681,"occupations",10,"Planner",25.26470588,3.67647059,NA,"HJT","Planner",4
681,"occupations",11,"Florist",28.29411765,3.02941177,NA,"HJT","Florist",4
681,"occupations",12,"Dressmaker",30.94117647,2.64705882,NA,"HJT","Dressmaker",4
681,"occupations",13,"Tailor",36.63235294,5.69117647,NA,"HJT","Tailor",4
681,"occupations",14,"Surgeon",37.26470588,0.632352940000004,NA,"HJT","Surgeon",4
681,"occupations",15,"Attorney",43.95588235,6.69117647,NA,"HJT","Attorney",4
681,"occupations",16,"Cacantor",47.95588235,4,NA,"HJT","Cacantor",4
681,"occupations",17,"Waiter",52.63235294,4.67647058999999,NA,"HJT","Waiter",4
681,"occupations",18,"Attendant",53.25,0.617647060000003,NA,"HJT","Attendant",4
681,"occupations",19,"Student",58.29411765,5.04411765,NA,"HJT","Student",4
681,"occupations",20,"Professor",60.61764706,2.32352941000001,NA,"HJT","Professor",4
681,"occupations",21,"Babysitter",62.94117647,2.32352941,NA,"HJT","Babysitter",4
681,"occupations",22,"Bartender",68.25,5.30882353,NA,"HJT","Bartender",4
681,"occupations",23,"Analyst",73.25,5,NA,"HJT","Analyst",4
681,"occupations",24,"Policeman",77.92647059,4.67647058999999,NA,"HJT","Policeman",4
681,"occupations",25,"Firefighter",81.94117647,4.01470588000001,NA,"HJT","Firefighter",4
681,"occupations",26,"EMT",88.64705882,6.70588235,NA,"HJT","EMT",4
681,"occupations",27,"Hacker",92.58823529,3.94117647,NA,"HJT","Hacker",4
681,"occupations",28,"Dealer",97.23529412,4.64705883000001,NA,"HJT","Dealer",4
681,"occupations",29,"Pharmacist",106.2794118,9.04411768,NA,"HJT","Pharmacist",4
681,"occupations",30,"Designer",109.9117647,3.6323529,NA,"HJT","Designer",4
681,"occupations",31,"Manager",115.2647059,5.35294119999999,NA,"HJT","Manager",4
681,"occupations",32,"Salesclerk",128.2794118,13.0147059,NA,"HJT","Salesclerk",4
681,"occupations",33,"Librarian",133.6176471,5.33823530000001,NA,"HJT","Librarian",4
681,"occupations",34,"Musician",137.9558824,4.33823530000001,NA,"HJT","Musician",4
681,"occupations",35,"Dancer",140.2941176,2.33823519999999,NA,"HJT","Dancer",4
681,"occupations",36,"Artist",141.6323529,1.33823530000001,NA,"HJT","Artist",4
681,"occupations",37,"Actor",143.9705882,2.33823530000001,NA,"HJT","Actor",4
681,"occupations",38,"Comedian",148.9558824,4.9852942,NA,"HJT","Comedian",4
681,"occupations",39,"Poet",153.3088235,4.35294109999998,NA,"HJT","Poet",4
681,"occupations",40,"Writer",156.6323529,3.32352940000001,NA,"HJT","Writer",4
681,"occupations",41,"Telemarketer",168.6029412,11.9705883,NA,"HJT","Telemarketer",4
681,"occupations",42,"Plastic Surgeon",184.25,15.6470588,NA,"HJT","Plastic Surgeon",4
